title,price,rating,reviews
"ASUS Vivobook S14,Smartchoice,AMD Ryzen AI 7 350,16GB RAM,1TB SSD,OLED,14"",Windows 11, Office24,M365 Basic (1Yr)*, Matte Gray,1.4Kg, M3407KA-SF049WS,50 Tops,Metallic Design,Next-Gen AI Laptop,Copilot+",83990,3.8,
"Dell 15, Intel Core i5 13th Gen-1334U, 16GB DDR4, 512GB SSD, FHD, 15.6""/39.62cm, Windows 11, MSO 2024, Grey, 1.66kg, [Vostro 3530], 120Hz 250 nits, 15 Month McAfee, Thin & Light, Laptop",56990,3.7,
"BrowseBook 14.1"" FHD IPS Laptop | Best Student & Office Work Laptop | Celeron N4020 | 4GB RAM | 128GB SSD | Windows 11 | 38Wh | 1.3kg | Grey",12990,3.0,
"HP 15, 13th Gen Intel Core i3-1315U (12GB DDR4, 512GB SSD) FHD, Anti-Glare, Micro-Edge, 15.6''/39.6cm, Win11, M365 Basic(1yr)* Office24, Silver, 1.59kg, fd0573TU, FHD Camera w/Shutter Laptop",41990,4.1,
"EBook 11.6"" HD Laptop | Best Student & Office Work Laptop | Celeron N4020 | 4GB DDR4 | 128GB eMMC + M.2 SSD Expandable Slot | Win 11 Home |31Wh Battery | UHD Graphics 600 | Black",10990,5.0,
"MSI Thin 15, Intel 13th Gen. Core i5-13420H, 40CM FHD 144Hz Gaming Laptop(16GB/512GB NVMe SSD/Windows 11 Home/NVIDIA GeForce RTX 3050,GDDR6 4GB/Cosmos Gray/1.86Kg), B13UC-1805IN",60625,4.2,
"JioBook 11 with Lifetime Office | Android 4G Laptop Mediatek 8788 (JioOS) | Octa-core | 4GB RAM | 64 eMMC Storage | Thin and Light Laptop (11.6 inch, 990 Grams) | Dual Band WiFi + SIM | Blue",10990,2.9,
"acer Nitro V 15, AMD Ryzen 7-7445HS, NVIDIA GeForce RTX 4050-6 GB, 16GB DDR5, 512GB SSD, FHD IPS, 15.6""/39.62cm, 165Hz, Win 11 Home, Obsidian Black, 2.1KG, ANV15-42, Gaming Laptop",76990,3.8,
"Dell 15, Intel Core i5 13th Gen-1334U, 16GB RAM, 1TB SSD, FHD, 15.6""/39.62cm, Windows 11, MSO 2024, Silver, 1.62kg, [Dell 15], Backlit Keyboard, 15 Month McAfee, Thin & Light, Laptop",57926,3.7,
"acer Aspire Go 14,14th Gen, Intel Core Ultra 5 125H, 16GB DDR5, 512GB, WUXGA IPS, 14.0""/35.56cm, Win 11, MS Office, Steel Gray, 1.5 kg, AG14-71M, Backlit KB, AI Powered Laptop",54427,3.6,
"HP OmniBook 5 OLED (Previously Pavilion), Snapdragon X Processor (16GB LPDDR5x, 512GB SSD) 2K, 14''/35.6cm, Win11, M365 Basic(1yr)* Office24, Silver, 1.35kg, he0014QU, Light-Weight, Next-Gen AI Laptop",66990,4.1,
"EooCoo Case Compatible for Apple MacBook Air 13.6 inch M4 A3240 M3 A3113 M2 A2681 with Touch ID,2026 2025 2024 2022,M2 M3 M4 Air 13'' Laptop Protective Plastic Hard Shell Cover Smooth, Midnight Clear",1139,4.1,
"ASUS Vivobook 15, Smartchoice, AMD Ryzen 7 5825U, 16GB RAM, 512GB SSD, FHD 15.6"", Windows 11, Office Home 2024, Quiet Blue, 1.7Kg, M1502YA-BQ703WS, AMD Radeon iGPU, M365 Basic (1Year)*, 42Whr Laptop",48990,4.3,
"Lenovo V15 Intel Core i3 13th Gen (16GB RAM/512GB SSD/Windows 11 Home/Office 2024/Iron Grey) 15.6"" FHD (1920x1080) Antiglare 250 Nits Thin & Light Laptop/1Y Onsite/1.65 kg, 83CCA08KIN",44990,3.9,
"HP OmniBook 5 OLED (Previously Pavilion), Snapdragon X Processor (16GB LPDDR5x, 512GB SSD) 2K, 14''/35.6cm, Win11, M365 Basic(1yr)* Office24, Silver, 1.35kg, he0014QU, Light-Weight, Next-Gen AI Laptop",66990,4.1,
"ASUS Gaming V16 (2025) 14th Gen,Intel Core 7 240H Gaming Laptop (RTX 4050-6GB/16GB RAM/512GB SSD/Windows 11 Home/16/144Hz/M365*/Office Home 2024, Matte Black,1.95 Kg),V3607VU-RP275WS",92990,4.2,
"Lenovo IdeaPad Slim 3, 12th Gen Intel Core i5-12450H (16GB LPDDR5, 512GB SSD), Anti-glare, FHD 15.6""(39.6cm), Win 11, Office Home 2024, Arctic Grey, 1.62Kg, 83ER00MDIN, Thin & Light, Backlit KB Laptop",51328,4.2,
"MSI Raider 18, Intel Series 2 Core Ultra 9 285HX, 46cm UHD+ 120Hz Gaming Laptop (64GB/4TB NVMe SSD/Windows 11 Home/NVIDIA GeForce RTX 5090, GDDR7 24GB/Core Black/3.6Kg) A2XWJG-253IN",499990,3.0,
"ASUS Vivobook 15, Smartchoice,Intel Corei5 13thGen 13420H, 16GB RAM, 512GB SSD, FHD 15.6"", Win11, Office Home'24, M365 Basic (1Year)*, Cool Silver, 1.70kg, X1502VA-BQ835WS, Intel UHD iGPU, Laptop",58990,4.2,
"ASUS Vivobook 15 (2025), 13th Gen,Intel Core i3-1315U, 8GB RAM, 512GB SSD, FHD, 15.6"", 39.6 cm, Windows 11 Home,M365 Basic(1 Year)* Office 2024,Cool Silver,1.7 Kg, X1504VA-D5321WS, Thin & Light Laptop",37877,5.0,
"Urban Armor Gear UAG Tactical 15-inch Slim Brief, Rugged Protective Slim Secure Laptop Tablet Carrying Bag for up to 15-inch Devices - Olive",44499.,4.4,
"Dell SmartChoice G15-5530, Intel Core i5 13th Gen-13450HX, NVIDIA RTX 3050-6GB, 16GB RAM, 1TB SSD, FHD, 15.6""/39.62cm, 120Hz, Windows 11, MS Office 24, Dark Shadow Grey, 2.65Kg, Gaming Laptop",77787,4.0,
"Dell 15, Intel Core 3 14th Gen-100U, 16GB DDR4, 512GB SSD, FHD IPS, 15.6""/39.62cm, Win 11, Office H&S 2024, Carbon Black, 1.63Kg, [Dell 15], Intel UHD Graphics, 120Hz 250 nit, Thin & Light, Laptop",44326,3.9,
"Dell 15, Intel Core i5 13th Gen-1334U, 16GB DDR4, 512GB SSD, FHD, 15.6""/39.62cm, Windows 11, MSO 2024, Grey, 1.66kg, [Vostro 3530], 120Hz 250 nits, 15 Month McAfee, Thin & Light, Laptop",56990,3.7,
"Lenovo {SmartChoice)Chromebook Intel Celeron N4500 (4GB RAM/64GB eMMC 5.1/11.6 Inch (29.46cm)/HD Display/2Wx2 Stereo Speakers/HD Camera/Chrome OS/Blue/1.21Kg), 82UY0014HA",15990,3.9,
"HP 15 Consumer Series Laptop, Intel Core i3-1315U (13th Gen) 12GB DDR4 RAM,512GB NVMe SSD/ 15.6'' FHD Anti-Glare, Micro-Edge, Win11, M365 Basic(1yr)* Office24, Silver,1.59kg, FHD Camera with Shutter",41990,4.1,
"ASUS Vivobook Go 14, AMD Ryzen 3 7320U, 8GB RAM, 512GB SSD, FHD 14"", Windows 11, Office Home 2024, Mixed Black, 1.38 kg, E1404FA-NK3325WS, AMD Radeon iGPU, M365 Basic (1Year)*, Thin & Light Laptop",34790,4.1,
"ASUS TUF A16 (2025), AMD Ryzen 7 7445HS, Gaming Laptop (RTX 4050-6GB/140W TGP/16GB RAM/1TB SSD/FHD+/16""/144Hz/56Whrs/Windows 11/M365 Basic (1Year)*/Office Home 2024/Mecha Gray/2.2Kg) FA607NUG-RL189WS",89990,4.2,
"Lenovo Smartchoice Ideapad Slim 3, 13th Gen Intel Core i7 13620H, 16GB RAM, 512GB SSD, WUXGA IPS, 15.3""/38.8cm, Win 11, Office 2024, Top Metal Cover Grey, 1.6Kg, 83K100CJIN/S1IN, Backlit KB, Laptop",75990,4.1,
"Lenovo Yoga Slim 7, Intel Core Ultra 5 125H, 16GB RAM, 512GB SSD, AI PC, WUXGA-OLED, 14""/35.5cm, Windows 11, Microsoft 365 Basic + Office 2024, Grey, 1.39Kg, 83CV00DFIN, AI Powered Laptop",84990,4.3,
"HP 15, AMD Ryzen 3 7320U (8GB DDR4, 512GB SSD) FHD, Anti-Glare, Micro-Edge, 15.6''/39.6cm, Win11, M365 Basic(1yr)* Office24, Silver, 1.59kg, fc0500AU, FHD Camera w/Privacy Shutter Laptop",36990,4.0,
"ASUS Vivobook 14, Intel Core i3 13th Gen 1315U, 8GB RAM, 512GB SSD, FHD 14"", Windows 11, Office Home 2024, Cool Silver, 1.40kg, X1404VA-NK761WS, Intel UHD, M365 Basic (1Year)*, Backlit Keyboard Laptop",36790,3.9,
"ASUS Vivobook S14,Smartchoice,AMD Ryzen AI 7 350,16GB RAM,1TB SSD,OLED,14"",Windows 11, Office24,M365 Basic (1Yr)*, Matte Gray,1.4Kg, M3407KA-SF049WS,50 Tops,Metallic Design,Next-Gen AI Laptop,Copilot+",83990,3.8,
"HP OmniBook 5 OLED (Previously Pavilion), Snapdragon X Processor (16GB LPDDR5x, 512GB SSD) 2K, 14''/35.6cm, Win11, M365 Basic(1yr)* Office24, Silver, 1.35kg, he0014QU, Light-Weight, Next-Gen AI Laptop",66990,4.1,
"ASUS TUF A15 (2025), AMD Ryzen 7 7445HS, Gaming Laptop(RTX 3050,75W TGP,16GB DDR5(Upgradeable Upto 64GB )512GB SSD,FHD,15.6"",144Hz,RGB Keyboard,48Whrs,Windows 11,Graphite Black,2.3 Kg) FA506NCG-HN199W",66990,4.2,
"HP Smartchoice Omen AMD Ryzen 7 7840Hs, 8GB RTX 4060 (16GB DDR5, 1TB SSD) FHD, 165Hz, 300Nits, IPS, 16.1''/40.9cm, Win11, Office 21, Black, 2.32kg, Xd0020ax, RGB kb, Tempest Cooling, AI Gaming Laptop",126420,4.0,
"ASUS Vivobook 15, Intel Core i3 13th Gen 1315U, 16GB RAM, 512GB SSD, FHD 15.6"", Touchscreen, Win11, Office Home 2024, M365 Basic (1Year)*, Quiet Blue, 1.7Kg, X1504VA-E83959WS, Intel UHD iGPU, Laptop",44990,4.2,
New Microsoft Surface Laptop (7th Edition) - Windows 11 Home Copilot + PC - 13.8” LCD PixelSense Touchscreen - Qualcomm Snapdragon X Plus (10 Core) - 16GB RAM - 512GB SSD - Graphite - ZGM-00059,129990,5.0,
"HP Smartchoice OmniBook 5 (Previously Pavilion) 50 TOPS, AMD Ryzen AI 7 350 (16GB LPDDR5X, 512GB SSD) WUXGA 2K, Touch, 16''/40.6cm, Win11,Office24, Silver, 1.8kg, ag1048au, Next-Gen AI Copilot+ Laptop",80990,4.0,
"acer Aspire 3, Intel Core Celeron N4500, 12GB LPDDR4X RAM, 512GB SSD, HD, 15.6""/39.62cm, Windows 11 Home, Pure Silver, 1.5KG, A325-45, Thin and Light Laptop",31999,3.4,
"HP Pavilion x360, 13th Gen Intel Core i5-1335U (16GB DDR4, 1TB SSD) FHD, 14''/35.6 cm, Touchscreen 2-in-1, Win 11, Office 21, Silver, 1.51 kg, ek1010TU/1149tu, FPR, 5MP Camera, B&O, Backlit Laptop",77490,3.9,
Thomson NEO 14.1 Inch IN-N14C Intel Celeron Dual Core N4020 Processor Windows 11 Home Notebook (8 GB RAM DDR4/ 256 GB SSD/Thin & Light Weight/Silver/Non Stop Performance Beyond 15 Hrs),17990,4.0,
"Urban Armor Gear UAG Tactical 15-inch Slim Brief, Rugged Protective Slim Secure Laptop Tablet Carrying Bag for up to 15-inch Devices - Olive",44499.,4.4,
"acer Aspire Lite, Intel Core 5 210H Processor, 16 GB RAM, 512 GB SSD, Full HD IPS, 15.6""/39.62 cm, Windows 11 Home, MSO, Pure Silver, 1.70 kgs, AL15-52H, Backlit Keyboard, Thin and Light Laptop",54999,4.0,
"Dell 15, Intel Core i5 13th Gen-1334U, 16GB DDR4, 512GB SSD, FHD, 15.6""/39.62cm, Windows 11, MSO 2024, Grey, 1.66kg, [Vostro 3530], 120Hz 250 nits, 15 Month McAfee, Thin & Light, Laptop",56990,3.7,
"ASUS Vivobook S14,Smartchoice,AMD Ryzen AI 7 350,16GB RAM,1TB SSD,OLED,14"",Windows 11, Office24,M365 Basic (1Yr)*, Matte Gray,1.4Kg, M3407KA-SF049WS,50 Tops,Metallic Design,Next-Gen AI Laptop,Copilot+",83990,3.8,
"ASUS Vivobook 15, 13th Gen, Intel Core i3-1315U, 8 GB RAM, 512GB SSD, FHD, Anti-Glare, 15.6"", 39.6 cm, Windows 11 Home, M365 Basic(1yr)* Office24, Cool Silver, 1.70 kg, X1504VA-BQ321WS, Laptop",36990,4.2,
"HP 15, 13th Gen Intel Core i7-1355U (16GB DDR4, 512GB SSD) FHD, Anti-Glare, 15.6’’/39.6cm, Win11, M365(1yr)* Office 24, Silver, 1.59kg, Iris Xe, FHD Camera w/Shutter, Backlit Laptop fd0468tu/fd0515tu",67990,4.0,
"Walker Best Student & Office Work Laptop|Thin & Light|15.6"" 1920 * 1080 Resolution FHD IPS Display |8GB RAM,256 GB SSD|Intel Celeron Processor N4020 | Windows 11 Home |Silver",16990,2.9,
Thomson NEO 14.1 Inch IN-P14C Intel Celeron Dual Core N4020 Processor & Window 11 Home Notebook (4 GB RAM DDR4/ 128 GB SSD/Numeric Touch Pad/Thin & Light Weight/Silver),12990,3.0,
"Dell 15, Intel Core i3 13th Gen -1305U, 16GB DDR4, 512GB SSD, FHD, 15.6""/39.6cm, Windows 11, Office H&S 2024, Carbon Grey, 1.66Kg, [Vostro 3530], Intel UHD Graphics, Narrow Border, Thin & Light Laptop",42990,3.9,
Thomson NEO 14.1 Inch IN-P14C Intel Celeron Dual Core N4020 Processor & Window 11 Notebook (8 GB RAM DDR4/ 256 GB SSD/Numeric Touch Pad/1MP Webcam/Silver),14990,3.0,
"Samsung Galaxy Book 4 15.6"" Full HD | Intel Core i5 1335U | 16GB RAM | 512GB SSD | Win 11 Home | MS Office'2024 | Fingerprint Reader | Intel Iris XE Graphics | Backlit Keyboard |NP750XGJ-LS6IN |Silver",55400,4.9,
"ASUS Vivobook S16,14th Gen, Intel Core 5-210H,Metallic Design Laptop(Intel UHD iGPU/16GB RAM/512GB SSD/FHD+/16""/144Hz/Windows 11/M365 Basic(1Year)*/Office Home 2024/Silver/1.7Kg) S3607VA-RP114WS",67990,4.3,
"HP OmniBook 5 OLED (Previously Pavilion), Snapdragon X Processor (16GB LPDDR5x, 512GB SSD) 2K, 14''/35.6cm, Win11, M365 Basic(1yr)* Office24, Silver, 1.35kg, he0014QU, Light-Weight, Next-Gen AI Laptop",66990,4.1,
"Dell SmartChoice G15-5530, Intel Core i5 13th Gen-13450HX, NVIDIA RTX 3050-6GB, 16GB RAM, 1TB SSD, FHD, 15.6""/39.62cm, 120Hz, Windows 11, MS Office 24, Dark Shadow Grey, 2.65Kg, Gaming Laptop",77787,4.0,
"ASUS Zenbook 14,Intel Core Ultra 7 (Series 2), Intel Arc iGPU,32GB,1TB,3K OLED Touch Screen,14"",Windows 11,M365 Basic (1Year)*,Office 2024,Ponder Blue,1.28 kg UX3405CA-PZ163WS, Thin & Light Laptop",114990,4.1,
"HP Victus, 14th Gen Intel Core i5-14450HX, 6GB RTX 3050, 24GB DDR5, 512GB SSD, FHD, 144Hz, IPS, 300 nits, 15.6''/39.6cm, Win11, M365* Office24, Mica Silver, 2.3kg, fa2303tx, RGB Gaming Laptop",80490,3.9,
"HP 14s Intel Celeron Dual Core N4500 Laptop (8GB/512GB SSD/Win 11) 14.0"" HD Display, MSO 24, Black, 1.46kg, DQ3149TU Thin and Light Business Laptop",28550,3.4,
"HP 14, Intel Core Ultra 7 155H (24GB DDR5, 1TB SSD), Micro-Edge, Anti-Glare, FHD, 14''/35.6cm, Win11, M365* Office24, Silver, 1.4kg, ep1181TU, FHD Camera, Backlit Laptop",83850,3.0,
"Lenovo IdeaPad 5 2-in-1 AMD Ryzen AI 7 350 (24GB RAM/1TB SSD/14 (35.5cm)/WUXGA OLED/Windows 11/Lenovo AI Now/Copilot+PC/Office Home 2024/Digital Pen 2/Grey/1.5Kg), 83KT000LIN Convertible Laptop",99990,4.1,
"HP Omen, Intel Core Ultra 9 285H, 8GB RTX 5070, 32GB DDR5, 1TB SSD, 165Hz, 2k WUXGA, 3ms, 400 nits, 16''/40.6cm, Win11, M365* Office24, Black, 2.42kg, an0012TX, Unleashed Mode, RGB, AI Gaming Laptop",177990,4.5,
"HP Victus, 13th Gen Intel Core i7-13620H, 8GB RTX 5060, 24GB DDR5(Upgradeable) 1TB SSD, 144Hz, 300nits, IPS, FHD, 15.6""/39.6cm, Win11, M365* Office 24, Mica Silver, 2.29Kg, fa2308TX, RGB Gaming Laptop",119490,4.2,
"HP 15, Intel Core Ultra 5 125H (16GB DDR5, 1TB SSD) FHD, IPS, 15.6''/39.6cm, Win11, M365 Basic(1yr)*Office24, Silver, 1.65kg, fd1354TU, Intel Arc Graphics, FHD Camera w/Shutter, AI Powered Laptop",69990,4.0,
"Dell 15, Intel Core 3 14th Gen-100U, 16GB DDR4, 512GB SSD, FHD IPS, 15.6""/39.62cm, Win 11, Office H&S 2024, Carbon Black, 1.63Kg, [Dell 15], Intel UHD Graphics, 120Hz 250 nit, Thin & Light, Laptop",44326,3.9,
"Urban Armor Gear UAG Tactical 15-inch Slim Brief, Rugged Protective Slim Secure Laptop Tablet Carrying Bag for up to 15-inch Devices - Olive",44499.,4.4,
"Dell 15, Intel Core i5 13th Gen-1334U, 16GB DDR4, 512GB SSD, FHD, 15.6""/39.62cm, Windows 11, MSO 2024, Grey, 1.66kg, [Vostro 3530], 120Hz 250 nits, 15 Month McAfee, Thin & Light, Laptop",56990,3.7,
"ASUS Vivobook S14,Smartchoice,AMD Ryzen AI 7 350,16GB RAM,1TB SSD,OLED,14"",Windows 11, Office24,M365 Basic (1Yr)*, Matte Gray,1.4Kg, M3407KA-SF049WS,50 Tops,Metallic Design,Next-Gen AI Laptop,Copilot+",83990,3.8,
"ASUS Vivobook 15, Intel Core i7 13th Gen 13620H, 16GB RAM, 512GB SSD, FHD 15.6"", Windows 11, Office Home 2024, Quiet Blue, 1.70kg, X1502VA-BQ838WS, Intel UHD iGPU, M365 Basic (1Year)* Laptop",63990,4.0,
"HP Smartchoice Victus, 13th Gen Intel Core i7-13620H, 8GB RTX 5050, 24GB DDR5(Upgradeable) 1TB SSD, 144Hz, FHD, 15.6''/39.6cm, Win11, M365* Office24, Mica Silver, 2.29kg, fa2309TX, RGB Gaming Laptop",109990,4.0,
"HP Omen, AMD Ryzen 9 8940HX, 8GB RTX 5070, 24GB DDR5(Upgradeable) 1TB SSD, 165Hz, 2k WUXGA, 3ms, 400 nits, 16''/40.6cm, Win11, M365* Office24, Black, 2.44kg, ap0182AX, RGB, AI Gaming Laptop",169990,4.2,
"Lenovo LOQ, AMD Ryzen 5 7235HS, RTX 3050-6GB, 24GB RAM, 512GB SSD, FHD, 15.6""/39.6cm, 144Hz, Windows 11, Office Home 2024, Grey, 2.4Kg, 3 Mon. Game Pass, 83JC00EFIN, Gaming Laptop",76990,4.3,
"DELL 14 (2026) Intel Core 3 14th Gen 100U - (16 GB DDR5/512 GB SSD/Intel UHD Graphics/Windows 11 Home) Thin and Light Business Laptop/14.0"" FHD+ IPS Display/Ice Blue/1.4 kg/MSO 2021",46390,5.0,
"Lenovo Yoga Slim 7 (Smartchoice) Intel Core Ultra 9 185H 14""(35.5cm) WUXGA-OLED Laptop (32GB RAM/1TB SSD/AI PC/Windows 11/Microsoft 365 Basic + Office Home 2024/1Yr ADP Free/Grey/1.39Kg), 83CV00B3IN",109990,4.1,
"HP Victus, AMD Ryzen 7 7445HS, 4GB RTX 2050, 16GB DDR5(Upgradable) 512GB SSD, FHD, 144Hz, 300 nits, IPS, 15.6''/39.6cm, Win11, M365* Office24, Mica Silver, 2.29kg, fb3123AX, Backlit, Gaming Laptop",62990,4.3,
"Lenovo V15 AMD Ryzen 7 7730U 15.6"" (39.62cm) FHD 250 Nits Antiglare Thin and Light Laptop (Free MS Office) Lifetime (16GB/512GB SSD/Windows 11/Iron Grey/1.65 Kg) 1 Year Brand Warranty, 83CRA01SIN",52999,4.1,
"HP OmniBook 5 OLED (Previously Pavilion), Snapdragon X Processor (16GB LPDDR5x, 512GB SSD) 2K, 14''/35.6cm, Win11, M365 Basic(1yr)* Office24, Silver, 1.35kg, he0014QU, Light-Weight, Next-Gen AI Laptop",66990,4.1,
"Dell 15, Intel Core 3 14th Gen-100U, 16GB DDR4, 512GB SSD, FHD IPS, 15.6""/39.62cm, Win 11, Office H&S 2024, Carbon Black, 1.63Kg, [Dell 15], Intel UHD Graphics, 120Hz 250 nit, Thin & Light, Laptop",44326,3.9,
"HP Smartchoice Victus, 13th Gen i7-13620H, 6GB RTX 4050, 16GB DDR4(Upgradeable) 512GB SSD, 144Hz, 300nits, FHD, 15.6''/39.6cm, Win11, M365* Office24, Mica Silver, 2.3kg, fa2100/03/04tx, Gaming Laptop",92990,4.0,
Microsoft New Surface Pro (11th Edition) - Windows 11 Home Copilot + PC - 13” OLED PixelSense Touchscreen - Qualcomm Snapdragon X Elite (12 Core) - 32GB RAM - 1TB SSD - Platinum - ZID-00014,243990,2.9,
"HP 15, 13th Gen Intel Core i5-1335U (16GB DDR4,512GB SSD) FHD, Anti-Glare,Micro-Edge, 15.6''/39.6cm, Win11, M365(1yr)* Office24, Silver,1.59kg, fd0467tu, Iris Xe, FHD Camera w/Shutter, Backlit Laptop",54990,3.9,
"DELL 14 (2026) Intel Core 3 14th Gen 100U - (8 GB DDR5/512 GB SSD/Intel UHD Graphics/Windows 11 Pro) Thin and Light Business Laptop/14.0"" FHD+ IPS Display/Ice Blue/1.4 kg/MSO 2021",37900,,
"Lenovo V14 Intel Core i5 13th Gen 14"" FHD (1920x1080) Antiglare 250 Nits Thin and Light Laptop (16GB RAM/512GB SSD/Windows 11 Home/Office 2024/Iron Grey/1.43 kg), 83A0A0PTIN",53500,3.8,
"Acer Aspire Lite, AMD Ryzen 7-7730U, 16 GB RAM, 512 GB SSD, Full HD IPS,15.6""/39.62 cm, Windows 11 Home, MS Office, Steel Gray, 1.59 KG, AL15-41, Thin and Light Laptop",46990,4.0,
"ASUS Vivobook Go 14, AMD Ryzen 5 7520U, 8GB RAM, 512GB SSD, FHD 14""(1920 x 1080), Windows 11, Office Home 2024, M365 Basic (1Year)*, Black, 1.38kg, E1404FA-EB2522WS, AMD Radeon iGPU Laptop",37577,5.0,
"Dell 15, AMD Ryzen 7-7730U, 16GB DDR4, 512GB SSD, FHD, 15.6""/39.6cm, Windows 11, MSO-24, Platinum Silver, 1.63Kg, [Dell 15], 120Hz 250nits, AMD Radeon Graphics, Standard Keyboard, Thin & Light, Laptop",51990,3.6,
"Urban Armor Gear UAG Tactical 15-inch Slim Brief, Rugged Protective Slim Secure Laptop Tablet Carrying Bag for up to 15-inch Devices - Olive",44499.,4.4,
"acer Aspire Lite, Intel Core 5 210H Processor, 16 GB RAM, 512 GB SSD, Full HD IPS, 15.6""/39.62 cm, Windows 11 Home, MSO, Pure Silver, 1.70 kgs, AL15-52H, Backlit Keyboard, Thin and Light Laptop",54999,4.0,
"ASUS Vivobook S14,Smartchoice,AMD Ryzen AI 7 350,16GB RAM,1TB SSD,OLED,14"",Windows 11, Office24,M365 Basic (1Yr)*, Matte Gray,1.4Kg, M3407KA-SF049WS,50 Tops,Metallic Design,Next-Gen AI Laptop,Copilot+",83990,3.8,
"Dell 15, Intel Core i5 13th Gen-1334U, 16GB DDR4, 512GB SSD, FHD, 15.6""/39.62cm, Windows 11, MSO 2024, Grey, 1.66kg, [Vostro 3530], 120Hz 250 nits, 15 Month McAfee, Thin & Light, Laptop",56990,3.7,
"HP Professional 14 (2025), Intel Core i3 13th Gen 1315U - (16 GB/512 GB SSD/Intel UHD Graphics/Windows 11 Pro) Thin and Light Business Laptop/14.0"" HD Display/Turbo Silver/1.4 Kg/MSO 2021",44800,5.0,
"Lenovo ThinkBook 16, AMD Ryzen 7 7735HS, 16GB RAM, 512GB SSD, WUXGA IPS 16"", Windows 11 Home, Office 2024, 1.7kg, 21MWA0R4IN, Backlit Keyboard, Fingerprint, 300 Nits, 1Y Warranty, Aluminium Top Laptop",59990,4.3,
ULTIMUS APEX Laptop Intel Pentium Quad Core 8 GB DDR3 512 GB SSD Expandable~1TB 14.1 HD IPS Laptop Anti-Glare Ultra Thin Bezel 180° Hinge 3.0x3 USB HDMI SD Card Slot Win 11 Home 1.25KG Silver,18990,3.4,
"ASUS Vivobook Go 15, 7000 Series, AMD Ryzen 3 7320U, 8 GB RAM, 512GB SSD, FHD, Anti-Glare, 15.6"", 39.6 cm, Windows 11 Home, M365 Basic(1yr)* Office24, Cool Silver, 1.63 kg, E1504FA-BQ2321WS, Laptop",34990,4.0,
Google Pixelbook Go 128GB Multi-Touch Chromebook/Laptop (Just Black),49990,4.4,
"acer SmartChoice ALG, 13th Gen Intel Core i5-13420H, NVIDIA GeForce RTX 3050-6GB DDR6, 16GB RAM, 512GB SSD, FHD 15.6""/39.62 cm, 144Hz, Windows 11 Home, Steel Gray, 1.99 KG, AL15G-53,Gaming Laptop",62990,4.0,
"acer Professional 14[New Launch], 13th Gen Intel Core i7-1355U Turbo Boost, 32GB DDR4, 1TB SSD, Win11 Pro, MSO21, 14inch FHD Laptop, 3 Year Warranty, 1 Year Anti Virus, Fingerprint, Backlit KB",83690,4.1,
"HP 15 Laptop, AMD Ryzen 7 5825U [16GB DDR4,512GB SSD] [Win11, Office Home'2024/M365 Basic(1yr)*] [Anti-Glare,Micro-Edge,15.6''/39.6cm FHD]Silver,1.59kg [Backlit KB+FHD Camera+Radeon Graphics] fc0533AU",49990,3.9,
"Dell 15, Intel Core 3, 14th Gen-100U, 8GB DDR4, 512GB SSD, FHD IPS, 15.6""/39.62cm, Win 11, Office H&S 2024, Carbon Black, 1.63Kg, Dell 15, Intel UHD Graphics, 120Hz 250 nit, Thin & Light, Laptop",39990,4.0,
"HP OmniBook 5 OLED (Previously Pavilion), Snapdragon X Processor (16GB LPDDR5x, 512GB SSD) 2K, 14''/35.6cm, Win11, M365 Basic(1yr)* Office24, Silver, 1.35kg, he0014QU, Light-Weight, Next-Gen AI Laptop",66990,4.1,
"ASUS Vivobook Go 14, AMD Ryzen 5 7520U, 16GB RAM,512GB SSD,FHD,14,60Hz,42WHrs,Windows 11,M365 Basic (1Year)*,Office Home 2024,Mixed Black,Backlit KB,1.38 kg E1404FA-NK5542WS, Thin & Light Laptop",42990,4.5,
"HP 15, AMD Ryzen 7 5825U (16GB DDR4, 512GB SSD) FHD, Anti-Glare, Micro-Edge,15.6''/39.6cm, Win11, M365(1yr)* Office24, Silver, 1.59kg, fc0476AU, Radeon Graphics, FHD Camera w/Shutter, Backlit Laptop",49990,4.0,
HP Ultra 7 255H / 32 GB DDR5 RAM/ 1 TB SSD/Windows 11 Pro/5 MP IR AI Camera/ 14.0 inch AG WUXGA/Intel® Wi-Fi 7 BE201 (2x2) and Bluetooth 5.4 /Fingerprint Reader (C1KK0PT),166400,,
Thomson NEO 14.1 Inch IN-P14C Intel Dual Core 4020 & Window 11 Notebook (8 GB RAM DDR4/ 256 GB SSD/Numeric Touch Pad/1MP Webcam/White),14990,,
"Dell SmartChoice G15-5530, Intel Core i5 13th Gen-13450HX, NVIDIA RTX 3050-6GB, 16GB RAM, 1TB SSD, FHD, 15.6""/39.62cm, 120Hz, Windows 11, MS Office 24, Dark Shadow Grey, 2.65Kg, Gaming Laptop",77787,4.0,
"Lenovo 14 (2025), Intel Core i5 13th Gen 13420H - (16 GB/512 GB SSD/Intel UHD Graphics/Windows 11 Pro) Thin and Light Business Laptop/14.0"" FHD Display/Iron Grey/1.4 kg/Microsoft Office 2021",54300,4.0,
"HP Laptop 15, Intel Core i5-1335U-13th Gen, (16GB DDR4,512GB SSD) Anti-Glare, Micro-Edge, FHD, 15.6''/39.6cm, Win11, M365 Basic(1yr)* Office24, Silver, 1.59kg, Iris Xe, FHD Camera w/Shutter",55990,4.0,
"HP 15 Laptop, AMD Ryzen 5 7520U (16GB DDR5,512GB SSD) Win11,M365 Basic(1yr)*Office Home24, Anti-Glare,15.6''/39.6cm,FHD,Backlit KB,FHD Camera w/Privacy Shutter,Radeon Graphics, Silver,1.59kg FC0690AU",45990,3.9,
"Dell G15-5530, Intel Core i5 13th Gen -13450HX, RTX 3050-6GB, 16GB DDR5, 512GB SSD, FHD, 15.6""/39.62cm, 120Hz, Windows 11, MS Office 21, Dark Shadow Grey, 2.65KG, G15-5530, Backlit KB, Gaming Laptop",75990,4.0,
"Dell 15, Intel Core 3 14th Gen-100U, 16GB DDR4, 512GB SSD, FHD IPS, 15.6""/39.62cm, Win 11, Office H&S 2024, Carbon Black, 1.63Kg, [Dell 15], Intel UHD Graphics, 120Hz 250 nit, Thin & Light, Laptop",44326,3.9,
"ASUS Vivobook S14,Smartchoice,AMD Ryzen AI 7 350,16GB RAM,1TB SSD,OLED,14"",Windows 11, Office24,M365 Basic (1Yr)*, Matte Gray,1.4Kg, M3407KA-SF049WS,50 Tops,Metallic Design,Next-Gen AI Laptop,Copilot+",83990,3.8,
"Dell 15, Intel Core i5 13th Gen-1334U, 16GB DDR4, 512GB SSD, FHD, 15.6""/39.62cm, Windows 11, MSO 2024, Grey, 1.66kg, [Vostro 3530], 120Hz 250 nits, 15 Month McAfee, Thin & Light, Laptop",56990,3.7,
"HP Smartchoice Victus, AMD Ryzen 7 7445HS, 6GB RTX 3050, 16GB DDR5(Upgradeable) 512GB SSD, FHD, 144Hz, 300 nits, 15.6''/39.6cm, Win 11, M365* Office24, Blue, 2.29kg, fb3134AX/3120ax, Gaming Laptop",74990,3.9,
"Thomson 15.6 Inch In-N15I Windows 11, Intel Corei3 12Th Gen 1215U (8GB DDR / 512GB SSD/Backlight Keyboard) Window 11 (Stylish, 1.65Kg, Ultra Performance/Grey Brush) Notebook",26490,2.5,
"Lenovo ThinkBook 16 AMD Ryzen 5 7535HS (8GB RAM/512GB SSD/Win 11 Home/Office 2024/Backlit Keyboard/Fingerprint) 16"" WUXGA IPS 300 Nits Thin & Light Laptop/1Y Warranty/Aluminium Top/1.7kg, 21MWA0BRIN",48500,4.0,
"Lenovo IdeaPad Slim 3 12th Gen Intel Core i5-12450H 15.6 Inch (39.6cm) FHD Thin & Light Laptop (16GB/512GB SSD/Windows 11/Office Home 2024/3months Game Pass/Arctic Grey/1.62Kg), 83ER00MCIN",50900,4.3,
"Lenovo ThinkBook 16, AMD Ryzen 7 7735HS, 16GB RAM, 512GB SSD, WUXGA IPS 16"", Windows 11 Home, 1.7kg, 21MWA0AUIN, Backlit Keyboard, Fingerprint, 300 Nits, 1Y Warranty, Aluminium Top Laptop",,3.7,
"Lenovo IdeaPad Slim 1 AMD Ryzen 5 5500U 15.6"" HD Thin and Light Laptop (8GB/512GB SSD/Windows 11 Home/Office Home 2024/1 Year ADP Free/Grey/1.6Kg), 82R4011MIN",38490,4.0,
"Dell 15, Intel Core 3 14th Gen-100U, 16GB DDR4, 512GB SSD, FHD IPS, 15.6""/39.62cm, Win 11, Office H&S 2024, Carbon Black, 1.63Kg, [Dell 15], Intel UHD Graphics, 120Hz 250 nit, Thin & Light, Laptop",44326,3.9,
"Lenovo V15 G4 AMD Athlon Silver 7120U Laptop 8GB LPDDR5 Ram, 512 GB SSD PCIe, Windows 11/MS Office,15.6"" FHD Screen, AMD Radeon 610M, Silver, 1 Year Brand Warranty",32999,3.9,
"HP OmniBook 5 OLED (Previously Pavilion), Snapdragon X Processor (16GB LPDDR5x, 512GB SSD) 2K, 14''/35.6cm, Win11, M365 Basic(1yr)* Office24, Silver, 1.35kg, he0014QU, Light-Weight, Next-Gen AI Laptop",66990,4.1,
"Urban Armor Gear UAG Tactical 15-inch Slim Brief, Rugged Protective Slim Secure Laptop Tablet Carrying Bag for up to 15-inch Devices - Olive",44499.,4.4,
"Lenovo IdeaPad Flex 5 AMD Ryzen 5 5625U (16GB RAM/512GB SSD/14 (35.5cm)/WUXGA IPS/Windows 11/Office Home 2024/Lenovo Digital Pen/1Yr ADP/Grey/1.5Kg), 82XX00G4IN Convertible Laptop",,4.2,
"Lenovo IdeaPad Slim 3, 13th Gen Intel Core i5 13420H, 24GB RAM, 1TB SSD, WUXGA IPS, 15.3""/38.8cm, Windows 11, Office Home 2024, Grey, 1.6Kg, Backlit Keyboard, 1Yr ADP Free, 83K100PLIN, Laptop",69990,4.4,
"ASUS Vivobook Go 15, AMD Ryzen 5 7520U Thin & Light Laptop(AMD Radeon iGPU/8GB RAM/512GB SSD/FHD/15.6""/60Hz/Windows 11/M365 Basic (1Year)*/Office Home 2024/Cool Silver/1.63 Kg) E1504FA-NJ132WS",37990,4.0,
Microsoft Surface Laptop Studio - 14.4 Inches Touchscreen - Intel Core I5-16Gb Memory - 256Gb Ssd - Platinum Windows 11 (Thr-00022) - Wi-Fi,124990,3.1,
"HP 15 255R G10, AMD Ryzen 5 7535U Hexa Core (6 Core, 12 Threads, 2.9 to Max 4.3 Ghz) (8 GB/512 GB SSD/AMD Radeon Graphics/Windows 11) Thin and Light Laptop(15.6 inch HD Display, Matt Silver, 1.45 kg",38990,4.5,
"Lenovo IdeaPad Slim 1, AMD Ryzen 5 5500U, 16GB RAM, 512GB SSD, HD, 15.6"", Windows 11 Home, MS Office 21, Cloud Grey, 1.61Kg, 82R400ERIN, Integrated AMD Graphics, 1Yr ADP Free, Thin and Light Laptop",42000,4.0,
"Microsoft New Surface Pro 12"" - Windows 11 Home Copilot+ PC - LCD PixelSense Touchscreen - Qualcomm Snapdragon X Plus (8 Core) - 16GB RAM - 256GB SSD - Platinum - EP2-27654",82526,3.3,
"ASUS Vivobook 15,13th Gen,Intel Core i7-13620H(Intel UHD iGPU/16GB RAM/1TB SSD/FHD/15.6""/60Hz/Backlit Keyboard/42Whr/Windows 11/M365 Basic (1Year)*/Office Home 2024/Quiet Blue/1.7 Kg)X1502VA-BQ1298WS",67990,4.0,
"Dell 15, Intel Core 3 14th Gen-100U, 16GB DDR4, 512GB SSD, FHD IPS, 15.6""/39.62cm, Win 11, Office H&S 2024, Carbon Black, 1.63Kg, [Dell 15], Intel UHD Graphics, 120Hz 250 nit, Thin & Light, Laptop",44326,3.9,
"acer Aspire Lite, Intel Core 5 210H Processor, 16 GB RAM, 512 GB SSD, Full HD IPS, 15.6""/39.62 cm, Windows 11 Home, MSO, Pure Silver, 1.70 kgs, AL15-52H, Backlit Keyboard, Thin and Light Laptop",54999,4.0,
"Dell 15, Intel Core i5 13th Gen-1334U, 16GB DDR4, 512GB SSD, FHD, 15.6""/39.62cm, Windows 11, MSO 2024, Grey, 1.66kg, [Vostro 3530], 120Hz 250 nits, 15 Month McAfee, Thin & Light, Laptop",56990,3.7,
"ASUS Vivobook S14,Smartchoice,AMD Ryzen AI 7 350,16GB RAM,1TB SSD,OLED,14"",Windows 11, Office24,M365 Basic (1Yr)*, Matte Gray,1.4Kg, M3407KA-SF049WS,50 Tops,Metallic Design,Next-Gen AI Laptop,Copilot+",83990,3.8,
"Dell 15, Intel Core 3, 14th Gen-100U, 8GB DDR4, 512GB SSD, FHD IPS, 15.6""/39.62cm, Win 11, Office H&S 2024, Carbon Black, 1.63Kg, Dell 15, Intel UHD Graphics, 120Hz 250 nit, Thin & Light, Laptop",39990,4.0,
"acer Aspire Lite 12th Gen Intel Core i3-1215U Premium Metal Laptop (Windows 11 Home/16 GB RAM/512GB SSD) AL15-52, 39.62cm (15.6"") Full HD Display, Metal Body, Steel Gray, 1.59 Kg",37990,4.0,
"MSI Thin A15, Ryzen 5 7535HS, 40CM FHD 144Hz Gaming Laptop(16GB/512 GB NVMe SSD/Windows 11 Home/NVIDIA GeForce RTX 3050, GDDR6 4GB /Cosmos Gray/1.86Kg), B7UC-067IN",61888,4.0,
"ASUS Vivobook 15, 13th Gen, Intel Core i3-1315U, 16GB RAM, 512GB SSD, FHD, Anti-Glare, 15.6"", 39.6 cm, Windows 11 Home, M365 Basic(1yr)* Office24, Quiet Blue, 1.70 kg, X1504VA-BQ342WS, Laptop",40540,4.2,
"HP 255 G10 Laptop for Home or Work, 16GB RAM DDR5, 512GB SSD, 15.6"" Full HD, Ryzen 3 7335U (Beats Intel i5-1135G7), HDMI, USB-C, Windows 11",39490,4.2,
"Microsoft Surface Laptop 5 | Laptop5-13.5� Inches- Touch Screen - Intel Core i5 12th Gen. (8GB RAM, 256GB SSD) - Windows 11 - Platinum",93990,4.2,
"Lenovo V15 G4 AMD Athlon Silver 7120U Laptop 8GB LPDDR5 Ram, 512 GB SSD PCIe, Windows 11 Lifetime Validity,15.6"" FHD Screen, AMD Radeon 610M, Silver, 1 Year Brand Warranty",,4.0,
"Lenovo V15 G4 AMD Ryzen 5 7520U 15.6 inch FHD Laptop, AMD Graphics, 16GB DDR5 5500Mhz Ram, 512GB SSD NVMe, Windows 11, Dolby Audio, Arctic Grey, 1 Year Onsite Brand Warranty",,4.0,
"HP OmniBook 5 OLED (Previously Pavilion), Snapdragon X Processor (16GB LPDDR5x, 512GB SSD) 2K, 14''/35.6cm, Win11, M365 Basic(1yr)* Office24, Silver, 1.35kg, he0014QU, Light-Weight, Next-Gen AI Laptop",66990,4.1,
"Dell SmartChoice G15-5530, Intel Core i5 13th Gen-13450HX, NVIDIA RTX 3050-6GB, 16GB RAM, 1TB SSD, FHD, 15.6""/39.62cm, 120Hz, Windows 11, MS Office 24, Dark Shadow Grey, 2.65Kg, Gaming Laptop",77787,4.0,
"HP Pavilion Plus, Intel Core i5-1335U-13th Gen Laptop, (16GB LPDDR5x,512GB SSD),IPS, 300 nits, 14''(35.6cm) 2K,Win 11, M365 Basic(1yr), Office Home 24, Silver,1.38kg, 5MP Camera w/Shutter, ew0107TU",61990,3.6,
"Dyazo 6 Angle Foldable & Portable Laptop Riser Stand Made with Aluminum Alloy |Compatible for Dell, Mac Book Air/Pro, Lenovo Acer Hp Asus & Other Laptop from 11.6 inch to 15.6 Inches- Black",368,4.3,
"Dyazo Laptop Stand Foldable Height Angle Adjustable Laptop Riser for Desk Compatible for MacBook, Lenovo, Dell Notebook up to 15.6 Inches 360 Rotating Base (Silver)",1299,4.4,
"acer Aspire Lite, 12th gen, Intel Core i5-12450H Processor, 16 GB, 512GB, Full HD IPS, 15.6""/39.62 cm, Windows 11 Home, MSO, Pure Silver, 1.70 kg, AL15-52H, Backlit Keyboard",46990,4.0,
"Lenovo V15 AMD Ryzen 7 7730U 15.6"" (39.62cm) FHD 250 Nits Antiglare Thin and Light Laptop (16GB/512GB SSD/Windows 11/Iron Grey/1.65 Kg) Grey",49999,4.2,
"ASUS Vivobook Go 14, AMD Ryzen 5 7520U, 16GB RAM, 512GB SSD, FHD 14"", Windows 11, Office Home 2024, M365 Basic (1Year)*, Black, 1.38kg, E1404FA-EB2542WS, AMD Radeon iGPU, 42WHrs, Thin & Light Laptop",42516,4.0,
"FRONTECH 15.6"" Portable LED Monitor, Full HD IPS, Dual Type-C & Mini HDMI, Built-in Speakers, 180° Stand, Works with Laptop/PS5/Switch/Phone, 1-Year Warranty (MON-0023)",8049,4.1,
Microsoft New Surface Pro (11th Edition) - Windows 11 Home Copilot + PC - 13” OLED PixelSense Touchscreen - Qualcomm Snapdragon X Elite (12 Core) - 16GB RAM - 512GB SSD - Black - ZIA-00031,165990,4.2,
"HP OmniBook 7 OLED, Intel Core Ultra 5 255H (16GB LPDDR5,1TB SSD), 3K, 0.2 ms, Micro-Edge, 14''/35.6cm, Win 11, M365, Office 24, Meteor Silver,1.5kg, fr0789TU, 5MP Camera w/Shutter, Backlit AI Laptop",86490,3.7,
"Dell 15, Intel Core 3 14th Gen-100U, 16GB DDR4, 512GB SSD, FHD IPS, 15.6""/39.62cm, Win 11, Office H&S 2024, Carbon Black, 1.63Kg, [Dell 15], Intel UHD Graphics, 120Hz 250 nit, Thin & Light, Laptop",44326,3.9,
